{
  "project_info": {
    "project_number": "186659905945",
    "project_id": "game-app-104e6",
    "storage_bucket": "game-app-104e6.appspot.com"
  },
  "client": [
    {
      "client_info": {
        "mobilesdk_app_id": "1:186659905945:android:c75b0adf74134e2091b308",
        "android_client_info": {
          "package_name": "com.example.game_app"
        }
      },
      "oauth_client": [
        {
          "client_id": "186659905945-2l1vnq7i8lfgi1dlgnbtsvums5bclps4.apps.googleusercontent.com",
          "client_type": 3
        }
      ],
      "api_key": [
        {
          "current_key": "AIzaSyC_TW56PsGH-QGg7x2vk0RIlGmmHUqZreo"
        }
      ],
      "services": {
        "appinvite_service": {
          "other_platform_oauth_client": [
            {
              "client_id": "186659905945-2l1vnq7i8lfgi1dlgnbtsvums5bclps4.apps.googleusercontent.com",
              "client_type": 3
            }
          ]
        }
      }
    }
  ],
  "configuration_version": "1"
}