{"v":"4.8.0","meta":{"g":"LottieFiles AE ","a":"","k":"","d":"","tc":""},"fr":60,"ip":0,"op":311,"w":1000,"h":1000,"nm":"99 - Video Game","ddd":0,"assets":[],"layers":[{"ddd":0,"ind":1,"ty":3,"nm":"Trigger","sr":1,"ks":{"o":{"a":0,"k":0,"ix":11},"r":{"a":0,"k":0,"ix":10},"p":{"a":0,"k":[500,500,0],"ix":2},"a":{"a":0,"k":[0,0,0],"ix":1},"s":{"a":0,"k":[100,100,100],"ix":6}},"ao":0,"ip":0,"op":600,"st":0,"bm":0},{"ddd":0,"ind":2,"ty":3,"nm":"Out Animation","sr":1,"ks":{"o":{"a":0,"k":0,"ix":11},"r":{"a":1,"k":[{"i":{"x":[0.667],"y":[1]},"o":{"x":[0.167],"y":[0]},"t":0,"s":[0]},{"i":{"x":[0],"y":[1]},"o":{"x":[0.333],"y":[0]},"t":240,"s":[0]},{"i":{"x":[0.667],"y":[1]},"o":{"x":[1],"y":[0]},"t":260,"s":[5]},{"t":300,"s":[-25]}],"ix":10},"p":{"a":0,"k":[500,500,0],"ix":2},"a":{"a":0,"k":[50,50,0],"ix":1},"s":{"a":1,"k":[{"i":{"x":[0,0,0.667],"y":[1,1,1]},"o":{"x":[0.333,0.333,0.333],"y":[0,0,0]},"t":240,"s":[100,100,100]},{"i":{"x":[0.667,0.667,0.667],"y":[1,1,1]},"o":{"x":[1,1,0.333],"y":[0,0,0]},"t":260,"s":[110,110,100]},{"t":300,"s":[0,0,100]}],"ix":6}},"ao":0,"ip":0,"op":600,"st":0,"bm":0},{"ddd":0,"ind":3,"ty":4,"nm":"Layer 2 Outlines","parent":2,"sr":1,"ks":{"o":{"a":0,"k":100,"ix":11},"r":{"a":0,"k":0,"ix":10},"p":{"a":0,"k":[55.51,118,0],"ix":2},"a":{"a":0,"k":[505.51,568,0],"ix":1},"s":{"a":1,"k":[{"i":{"x":[0.323,0.323,0.667],"y":[1,1,1]},"o":{"x":[0.684,0.702,0.333],"y":[0,0,0]},"t":40,"s":[0,0,100]},{"i":{"x":[0.317,0.32,0.667],"y":[1,1,1]},"o":{"x":[0.65,0.65,0.333],"y":[0,0,0]},"t":80,"s":[103,103,100]},{"t":100,"s":[100,100,100]}],"ix":6}},"ao":0,"shapes":[{"ty":"gr","it":[{"ind":0,"ty":"sh","ix":1,"ks":{"a":0,"k":{"i":[[0,0],[-5.246,0],[0,0],[0,5.246]],"o":[[0,5.246],[0,0],[5.251,0],[0,0]],"v":[[-29.403,-4.755],[-19.895,4.755],[19.895,4.755],[29.403,-4.755]],"c":true},"ix":2},"nm":"Path 1","mn":"ADBE Vector Shape - Group","hd":false},{"ty":"fl","c":{"a":0,"k":[0.862999949736,0.898000021542,0.948999980852,1],"ix":4},"o":{"a":0,"k":100,"ix":5},"r":1,"bm":0,"nm":"Fill 1","mn":"ADBE Vector Graphic - Fill","hd":false},{"ty":"tr","p":{"a":0,"k":[505.51,572.385],"ix":2},"a":{"a":0,"k":[0,0],"ix":1},"s":{"a":0,"k":[100,100],"ix":3},"r":{"a":0,"k":0,"ix":6},"o":{"a":0,"k":100,"ix":7},"sk":{"a":0,"k":0,"ix":4},"sa":{"a":0,"k":0,"ix":5},"nm":"Transform"}],"nm":"Group 1","np":2,"cix":2,"bm":0,"ix":1,"mn":"ADBE Vector Group","hd":false},{"ty":"gr","it":[{"ind":0,"ty":"sh","ix":1,"ks":{"a":0,"k":{"i":[[0,-5.264],[5.246,0],[0,0],[0,5.246],[-5.245,0],[0,0]],"o":[[0,5.246],[0,0],[-5.245,0],[0,-5.264],[0,0],[5.246,0]],"v":[[29.403,0.011],[19.895,9.514],[-19.907,9.514],[-29.403,0.011],[-19.907,-9.515],[19.895,-9.515]],"c":true},"ix":2},"nm":"Path 1","mn":"ADBE Vector Shape - Group","hd":false},{"ty":"fl","c":{"a":0,"k":[1,1,1,1],"ix":4},"o":{"a":0,"k":100,"ix":5},"r":1,"bm":0,"nm":"Fill 1","mn":"ADBE Vector Graphic - Fill","hd":false},{"ty":"tr","p":{"a":0,"k":[505.51,568],"ix":2},"a":{"a":0,"k":[0,0],"ix":1},"s":{"a":0,"k":[100,100],"ix":3},"r":{"a":0,"k":0,"ix":6},"o":{"a":0,"k":100,"ix":7},"sk":{"a":0,"k":0,"ix":4},"sa":{"a":0,"k":0,"ix":5},"nm":"Transform"}],"nm":"Group 2","np":2,"cix":2,"bm":0,"ix":2,"mn":"ADBE Vector Group","hd":false}],"ip":0,"op":600,"st":0,"bm":0},{"ddd":0,"ind":4,"ty":4,"nm":"Layer 3 Outlines","parent":2,"sr":1,"ks":{"o":{"a":0,"k":100,"ix":11},"r":{"a":0,"k":0,"ix":10},"p":{"a":0,"k":[-103.631,120.111,0],"ix":2},"a":{"a":0,"k":[346.369,570.111,0],"ix":1},"s":{"a":1,"k":[{"i":{"x":[0.323,0.323,0.667],"y":[1,1,1]},"o":{"x":[0.684,0.702,0.333],"y":[0,0,0]},"t":30,"s":[0,0,100]},{"i":{"x":[0.317,0.32,0.667],"y":[1,1,1]},"o":{"x":[0.65,0.65,0.333],"y":[0,0,0]},"t":70,"s":[103,103,100]},{"t":90,"s":[100,100,100]}],"ix":6}},"ao":0,"shapes":[{"ty":"gr","it":[{"ind":0,"ty":"sh","ix":1,"ks":{"a":0,"k":{"i":[[0,0],[-10.509,0],[0,0],[0,10.51]],"o":[[0.006,10.51],[0,0],[10.498,0],[0,0]],"v":[[-77.536,-9.508],[-58.508,9.508],[58.526,9.508],[77.536,-9.508]],"c":true},"ix":2},"nm":"Path 1","mn":"ADBE Vector Shape - Group","hd":false},{"ty":"fl","c":{"a":0,"k":[1,0.490000017952,0.071000005685,1],"ix":4},"o":{"a":0,"k":100,"ix":5},"r":1,"bm":0,"nm":"Fill 1","mn":"ADBE Vector Graphic - Fill","hd":false},{"ty":"tr","p":{"a":0,"k":[346.369,579.628],"ix":2},"a":{"a":0,"k":[0,0],"ix":1},"s":{"a":0,"k":[100,100],"ix":3},"r":{"a":0,"k":0,"ix":6},"o":{"a":0,"k":100,"ix":7},"sk":{"a":0,"k":0,"ix":4},"sa":{"a":0,"k":0,"ix":5},"nm":"Transform"}],"nm":"Group 1","np":2,"cix":2,"bm":0,"ix":1,"mn":"ADBE Vector Group","hd":false},{"ty":"gr","it":[{"ind":0,"ty":"sh","ix":1,"ks":{"a":0,"k":{"i":[[0,0],[0,-10.51],[10.498,0],[0,0],[0,10.51],[-10.51,0]],"o":[[10.498,0],[0,10.51],[0,0],[-10.51,0],[0,-10.51],[0,0]],"v":[[58.526,-19.025],[77.536,0.008],[58.526,19.025],[-58.508,19.025],[-77.536,0.008],[-58.508,-19.025]],"c":true},"ix":2},"nm":"Path 1","mn":"ADBE Vector Shape - Group","hd":false},{"ty":"fl","c":{"a":0,"k":[1,0.620000023935,0.063000002094,1],"ix":4},"o":{"a":0,"k":100,"ix":5},"r":1,"bm":0,"nm":"Fill 1","mn":"ADBE Vector Graphic - Fill","hd":false},{"ty":"tr","p":{"a":0,"k":[346.369,570.111],"ix":2},"a":{"a":0,"k":[0,0],"ix":1},"s":{"a":0,"k":[100,100],"ix":3},"r":{"a":0,"k":0,"ix":6},"o":{"a":0,"k":100,"ix":7},"sk":{"a":0,"k":0,"ix":4},"sa":{"a":0,"k":0,"ix":5},"nm":"Transform"}],"nm":"Group 2","np":2,"cix":2,"bm":0,"ix":2,"mn":"ADBE Vector Group","hd":false}],"ip":10,"op":610,"st":10,"bm":0},{"ddd":0,"ind":5,"ty":4,"nm":"Layer 4 Outlines","parent":2,"sr":1,"ks":{"o":{"a":0,"k":100,"ix":11},"r":{"a":0,"k":0,"ix":10},"p":{"a":0,"k":[-103.631,120.117,0],"ix":2},"a":{"a":0,"k":[346.369,570.117,0],"ix":1},"s":{"a":1,"k":[{"i":{"x":[0.323,0.323,0.667],"y":[1,1,1]},"o":{"x":[0.684,0.702,0.333],"y":[0,0,0]},"t":30,"s":[0,0,100]},{"i":{"x":[0.317,0.32,0.667],"y":[1,1,1]},"o":{"x":[0.65,0.65,0.333],"y":[0,0,0]},"t":70,"s":[103,103,100]},{"t":90,"s":[100,100,100]}],"ix":6}},"ao":0,"shapes":[{"ty":"gr","it":[{"ind":0,"ty":"sh","ix":1,"ks":{"a":0,"k":{"i":[[10.51,0],[0,0],[0,0],[0,0],[0,10.492],[0,0]],"o":[[0,0],[0,0],[0,0],[10.51,0],[0,0],[0,-10.497]],"v":[[-9.506,-77.539],[-9.511,-77.539],[-9.511,77.539],[-9.506,77.539],[9.511,58.522],[9.511,-58.523]],"c":true},"ix":2},"nm":"Path 1","mn":"ADBE Vector Shape - Group","hd":false},{"ty":"fl","c":{"a":0,"k":[1,0.490000017952,0.071000005685,1],"ix":4},"o":{"a":0,"k":100,"ix":5},"r":1,"bm":0,"nm":"Fill 1","mn":"ADBE Vector Graphic - Fill","hd":false},{"ty":"tr","p":{"a":0,"k":[355.88,570.117],"ix":2},"a":{"a":0,"k":[0,0],"ix":1},"s":{"a":0,"k":[100,100],"ix":3},"r":{"a":0,"k":0,"ix":6},"o":{"a":0,"k":100,"ix":7},"sk":{"a":0,"k":0,"ix":4},"sa":{"a":0,"k":0,"ix":5},"nm":"Transform"}],"nm":"Group 1","np":2,"cix":2,"bm":0,"ix":1,"mn":"ADBE Vector Group","hd":false},{"ty":"gr","it":[{"ind":0,"ty":"sh","ix":1,"ks":{"a":0,"k":{"i":[[0,0],[10.51,0],[0,10.492],[0,0],[-10.497,0],[0,-10.497]],"o":[[0,10.492],[-10.497,0],[0,0],[0,-10.497],[10.51,0],[0,0]],"v":[[19.023,58.522],[0.005,77.539],[-19.022,58.522],[-19.022,-58.523],[0.005,-77.539],[19.023,-58.523]],"c":true},"ix":2},"nm":"Path 1","mn":"ADBE Vector Shape - Group","hd":false},{"ty":"fl","c":{"a":0,"k":[1,0.620000023935,0.063000002094,1],"ix":4},"o":{"a":0,"k":100,"ix":5},"r":1,"bm":0,"nm":"Fill 1","mn":"ADBE Vector Graphic - Fill","hd":false},{"ty":"tr","p":{"a":0,"k":[346.369,570.117],"ix":2},"a":{"a":0,"k":[0,0],"ix":1},"s":{"a":0,"k":[100,100],"ix":3},"r":{"a":0,"k":0,"ix":6},"o":{"a":0,"k":100,"ix":7},"sk":{"a":0,"k":0,"ix":4},"sa":{"a":0,"k":0,"ix":5},"nm":"Transform"}],"nm":"Group 2","np":2,"cix":2,"bm":0,"ix":2,"mn":"ADBE Vector Group","hd":false}],"ip":10,"op":610,"st":10,"bm":0},{"ddd":0,"ind":6,"ty":4,"nm":"Layer 5 Outlines","parent":2,"sr":1,"ks":{"o":{"a":0,"k":100,"ix":11},"r":{"a":0,"k":0,"ix":10},"p":{"a":0,"k":[158.037,119.552,0],"ix":2},"a":{"a":0,"k":[608.037,569.552,0],"ix":1},"s":{"a":1,"k":[{"i":{"x":[0.323,0.323,0.667],"y":[1,1,1]},"o":{"x":[0.684,0.702,0.333],"y":[0,0,0]},"t":40,"s":[0,0,100]},{"i":{"x":[0.317,0.32,0.667],"y":[1,1,1]},"o":{"x":[0.65,0.65,0.333],"y":[0,0,0]},"t":80,"s":[103,103,100]},{"t":100,"s":[100,100,100]}],"ix":6}},"ao":0,"shapes":[{"ty":"gr","it":[{"ind":0,"ty":"sh","ix":1,"ks":{"a":0,"k":{"i":[[0,0],[-12.085,0],[0,12.072],[0,0],[0,0]],"o":[[0,12.072],[12.072,0],[0,0],[0,0],[0,0]],"v":[[-21.87,-10.924],[0.003,10.931],[21.87,-10.924],[21.87,-10.931],[-21.87,-10.931]],"c":true},"ix":2},"nm":"Path 1","mn":"ADBE Vector Shape - Group","hd":false},{"ty":"fl","c":{"a":0,"k":[1,0.490000017952,0.071000005685,1],"ix":4},"o":{"a":0,"k":100,"ix":5},"r":1,"bm":0,"nm":"Fill 1","mn":"ADBE Vector Graphic - Fill","hd":false},{"ty":"tr","p":{"a":0,"k":[608.037,580.482],"ix":2},"a":{"a":0,"k":[0,0],"ix":1},"s":{"a":0,"k":[100,100],"ix":3},"r":{"a":0,"k":0,"ix":6},"o":{"a":0,"k":100,"ix":7},"sk":{"a":0,"k":0,"ix":4},"sa":{"a":0,"k":0,"ix":5},"nm":"Transform"}],"nm":"Group 1","np":2,"cix":2,"bm":0,"ix":1,"mn":"ADBE Vector Group","hd":false},{"ty":"gr","it":[{"ind":0,"ty":"sh","ix":1,"ks":{"a":0,"k":{"i":[[-12.073,0],[0,-12.073],[12.072,0],[0,12.078]],"o":[[12.072,0],[0,12.078],[-12.073,0],[0,-12.073]],"v":[[0.003,-21.88],[21.865,-0.006],[0.003,21.88],[-21.865,-0.006]],"c":true},"ix":2},"nm":"Path 1","mn":"ADBE Vector Shape - Group","hd":false},{"ty":"fl","c":{"a":0,"k":[1,0.620000023935,0.063000002094,1],"ix":4},"o":{"a":0,"k":100,"ix":5},"r":1,"bm":0,"nm":"Fill 1","mn":"ADBE Vector Graphic - Fill","hd":false},{"ty":"tr","p":{"a":0,"k":[608.038,569.552],"ix":2},"a":{"a":0,"k":[0,0],"ix":1},"s":{"a":0,"k":[100,100],"ix":3},"r":{"a":0,"k":0,"ix":6},"o":{"a":0,"k":100,"ix":7},"sk":{"a":0,"k":0,"ix":4},"sa":{"a":0,"k":0,"ix":5},"nm":"Transform"}],"nm":"Group 2","np":2,"cix":2,"bm":0,"ix":2,"mn":"ADBE Vector Group","hd":false}],"ip":10,"op":610,"st":10,"bm":0},{"ddd":0,"ind":7,"ty":4,"nm":"Layer 6 Outlines","parent":2,"sr":1,"ks":{"o":{"a":0,"k":100,"ix":11},"r":{"a":0,"k":0,"ix":10},"p":{"a":0,"k":[269.38,119.552,0],"ix":2},"a":{"a":0,"k":[719.38,569.552,0],"ix":1},"s":{"a":1,"k":[{"i":{"x":[0.323,0.323,0.667],"y":[1,1,1]},"o":{"x":[0.684,0.702,0.333],"y":[0,0,0]},"t":40,"s":[0,0,100]},{"i":{"x":[0.317,0.32,0.667],"y":[1,1,1]},"o":{"x":[0.65,0.65,0.333],"y":[0,0,0]},"t":80,"s":[103,103,100]},{"t":100,"s":[100,100,100]}],"ix":6}},"ao":0,"shapes":[{"ty":"gr","it":[{"ind":0,"ty":"sh","ix":1,"ks":{"a":0,"k":{"i":[[0,0],[-12.079,0],[0,12.072],[0,0],[0,0]],"o":[[0,12.072],[12.078,0],[0,0],[0,0],[0,0]],"v":[[-21.877,-10.924],[-0.003,10.931],[21.877,-10.924],[21.877,-10.931],[-21.877,-10.931]],"c":true},"ix":2},"nm":"Path 1","mn":"ADBE Vector Shape - Group","hd":false},{"ty":"fl","c":{"a":0,"k":[1,0.490000017952,0.071000005685,1],"ix":4},"o":{"a":0,"k":100,"ix":5},"r":1,"bm":0,"nm":"Fill 1","mn":"ADBE Vector Graphic - Fill","hd":false},{"ty":"tr","p":{"a":0,"k":[719.38,580.482],"ix":2},"a":{"a":0,"k":[0,0],"ix":1},"s":{"a":0,"k":[100,100],"ix":3},"r":{"a":0,"k":0,"ix":6},"o":{"a":0,"k":100,"ix":7},"sk":{"a":0,"k":0,"ix":4},"sa":{"a":0,"k":0,"ix":5},"nm":"Transform"}],"nm":"Group 1","np":2,"cix":2,"bm":0,"ix":1,"mn":"ADBE Vector Group","hd":false},{"ty":"gr","it":[{"ind":0,"ty":"sh","ix":1,"ks":{"a":0,"k":{"i":[[-12.073,0],[0,-12.073],[12.078,0],[0,12.078]],"o":[[12.078,0],[0,12.078],[-12.073,0],[0,-12.073]],"v":[[0.001,-21.88],[21.874,-0.006],[0.001,21.88],[-21.873,-0.006]],"c":true},"ix":2},"nm":"Path 1","mn":"ADBE Vector Shape - Group","hd":false},{"ty":"fl","c":{"a":0,"k":[1,0.620000023935,0.063000002094,1],"ix":4},"o":{"a":0,"k":100,"ix":5},"r":1,"bm":0,"nm":"Fill 1","mn":"ADBE Vector Graphic - Fill","hd":false},{"ty":"tr","p":{"a":0,"k":[719.376,569.552],"ix":2},"a":{"a":0,"k":[0,0],"ix":1},"s":{"a":0,"k":[100,100],"ix":3},"r":{"a":0,"k":0,"ix":6},"o":{"a":0,"k":100,"ix":7},"sk":{"a":0,"k":0,"ix":4},"sa":{"a":0,"k":0,"ix":5},"nm":"Transform"}],"nm":"Group 2","np":2,"cix":2,"bm":0,"ix":2,"mn":"ADBE Vector Group","hd":false}],"ip":10,"op":610,"st":10,"bm":0},{"ddd":0,"ind":8,"ty":4,"nm":"Layer 7 Outlines","parent":2,"sr":1,"ks":{"o":{"a":0,"k":100,"ix":11},"r":{"a":0,"k":0,"ix":10},"p":{"a":0,"k":[213.712,175.342,0],"ix":2},"a":{"a":0,"k":[663.712,625.342,0],"ix":1},"s":{"a":1,"k":[{"i":{"x":[0.323,0.323,0.667],"y":[1,1,1]},"o":{"x":[0.684,0.702,0.333],"y":[0,0,0]},"t":40,"s":[0,0,100]},{"i":{"x":[0.317,0.32,0.667],"y":[1,1,1]},"o":{"x":[0.65,0.65,0.333],"y":[0,0,0]},"t":80,"s":[103,103,100]},{"t":100,"s":[100,100,100]}],"ix":6}},"ao":0,"shapes":[{"ty":"gr","it":[{"ind":0,"ty":"sh","ix":1,"ks":{"a":0,"k":{"i":[[0,0],[-12.072,0],[0,12.067],[0,0],[0,0]],"o":[[0,12.067],[12.072,0],[0,0],[0,0],[0,0]],"v":[[-21.871,-10.922],[-0.003,10.933],[21.871,-10.922],[21.871,-10.933],[-21.871,-10.933]],"c":true},"ix":2},"nm":"Path 1","mn":"ADBE Vector Shape - Group","hd":false},{"ty":"fl","c":{"a":0,"k":[1,0.490000017952,0.071000005685,1],"ix":4},"o":{"a":0,"k":100,"ix":5},"r":1,"bm":0,"nm":"Fill 1","mn":"ADBE Vector Graphic - Fill","hd":false},{"ty":"tr","p":{"a":0,"k":[663.712,636.405],"ix":2},"a":{"a":0,"k":[0,0],"ix":1},"s":{"a":0,"k":[100,100],"ix":3},"r":{"a":0,"k":0,"ix":6},"o":{"a":0,"k":100,"ix":7},"sk":{"a":0,"k":0,"ix":4},"sa":{"a":0,"k":0,"ix":5},"nm":"Transform"}],"nm":"Group 1","np":2,"cix":2,"bm":0,"ix":1,"mn":"ADBE Vector Group","hd":false},{"ty":"gr","it":[{"ind":0,"ty":"sh","ix":1,"ks":{"a":0,"k":{"i":[[0,-12.073],[12.072,0],[0,12.079],[-12.072,0]],"o":[[0,12.079],[-12.072,0],[0,-12.073],[12.072,0]],"v":[[21.871,-0.003],[-0.003,21.871],[-21.871,-0.003],[-0.003,-21.871]],"c":true},"ix":2},"nm":"Path 1","mn":"ADBE Vector Shape - Group","hd":false},{"ty":"fl","c":{"a":0,"k":[1,0.620000023935,0.063000002094,1],"ix":4},"o":{"a":0,"k":100,"ix":5},"r":1,"bm":0,"nm":"Fill 1","mn":"ADBE Vector Graphic - Fill","hd":false},{"ty":"tr","p":{"a":0,"k":[663.712,625.217],"ix":2},"a":{"a":0,"k":[0,0],"ix":1},"s":{"a":0,"k":[100,100],"ix":3},"r":{"a":0,"k":0,"ix":6},"o":{"a":0,"k":100,"ix":7},"sk":{"a":0,"k":0,"ix":4},"sa":{"a":0,"k":0,"ix":5},"nm":"Transform"}],"nm":"Group 2","np":2,"cix":2,"bm":0,"ix":2,"mn":"ADBE Vector Group","hd":false}],"ip":10,"op":610,"st":10,"bm":0},{"ddd":0,"ind":9,"ty":4,"nm":"Layer 8 Outlines","parent":2,"sr":1,"ks":{"o":{"a":0,"k":100,"ix":11},"r":{"a":0,"k":0,"ix":10},"p":{"a":0,"k":[213.712,63.871,0],"ix":2},"a":{"a":0,"k":[663.712,513.871,0],"ix":1},"s":{"a":1,"k":[{"i":{"x":[0.323,0.323,0.667],"y":[1,1,1]},"o":{"x":[0.684,0.702,0.333],"y":[0,0,0]},"t":40,"s":[0,0,100]},{"i":{"x":[0.317,0.32,0.667],"y":[1,1,1]},"o":{"x":[0.65,0.65,0.333],"y":[0,0,0]},"t":80,"s":[103,103,100]},{"t":100,"s":[100,100,100]}],"ix":6}},"ao":0,"shapes":[{"ty":"gr","it":[{"ind":0,"ty":"sh","ix":1,"ks":{"a":0,"k":{"i":[[0,0],[-12.072,0],[0,12.072],[0,0],[0,0]],"o":[[0,12.072],[12.072,0],[0,0],[0,0],[0,0]],"v":[[-21.871,-10.924],[-0.003,10.931],[21.871,-10.924],[21.871,-10.931],[-21.871,-10.931]],"c":true},"ix":2},"nm":"Path 1","mn":"ADBE Vector Shape - Group","hd":false},{"ty":"fl","c":{"a":0,"k":[1,0.490000017952,0.071000005685,1],"ix":4},"o":{"a":0,"k":100,"ix":5},"r":1,"bm":0,"nm":"Fill 1","mn":"ADBE Vector Graphic - Fill","hd":false},{"ty":"tr","p":{"a":0,"k":[663.712,524.802],"ix":2},"a":{"a":0,"k":[0,0],"ix":1},"s":{"a":0,"k":[100,100],"ix":3},"r":{"a":0,"k":0,"ix":6},"o":{"a":0,"k":100,"ix":7},"sk":{"a":0,"k":0,"ix":4},"sa":{"a":0,"k":0,"ix":5},"nm":"Transform"}],"nm":"Group 1","np":2,"cix":2,"bm":0,"ix":1,"mn":"ADBE Vector Group","hd":false},{"ty":"gr","it":[{"ind":0,"ty":"sh","ix":1,"ks":{"a":0,"k":{"i":[[0,-12.079],[12.072,0],[0,12.072],[-12.072,0]],"o":[[0,12.072],[-12.072,0],[0,-12.079],[12.072,0]],"v":[[21.871,0.007],[-0.003,21.862],[-21.871,0.007],[-0.003,-21.862]],"c":true},"ix":2},"nm":"Path 1","mn":"ADBE Vector Shape - Group","hd":false},{"ty":"fl","c":{"a":0,"k":[1,0.620000023935,0.063000002094,1],"ix":4},"o":{"a":0,"k":100,"ix":5},"r":1,"bm":0,"nm":"Fill 1","mn":"ADBE Vector Graphic - Fill","hd":false},{"ty":"tr","p":{"a":0,"k":[663.712,513.871],"ix":2},"a":{"a":0,"k":[0,0],"ix":1},"s":{"a":0,"k":[100,100],"ix":3},"r":{"a":0,"k":0,"ix":6},"o":{"a":0,"k":100,"ix":7},"sk":{"a":0,"k":0,"ix":4},"sa":{"a":0,"k":0,"ix":5},"nm":"Transform"}],"nm":"Group 2","np":2,"cix":2,"bm":0,"ix":2,"mn":"ADBE Vector Group","hd":false}],"ip":10,"op":610,"st":10,"bm":0},{"ddd":0,"ind":10,"ty":4,"nm":"Layer 9 Outlines","parent":2,"sr":1,"ks":{"o":{"a":0,"k":100,"ix":11},"r":{"a":0,"k":0,"ix":10},"p":{"a":0,"k":[213.709,119.546,0],"ix":2},"a":{"a":0,"k":[663.709,569.546,0],"ix":1},"s":{"a":1,"k":[{"i":{"x":[0.323,0.323,0.667],"y":[1,1,1]},"o":{"x":[0.684,0.702,0.333],"y":[0,0,0]},"t":20,"s":[0,0,100]},{"i":{"x":[0.317,0.32,0.667],"y":[1,1,1]},"o":{"x":[0.65,0.65,0.333],"y":[0,0,0]},"t":60,"s":[103,103,100]},{"t":80,"s":[100,100,100]}],"ix":6}},"ao":0,"shapes":[{"ty":"gr","it":[{"ind":0,"ty":"sh","ix":1,"ks":{"a":0,"k":{"i":[[0,-60.264],[60.264,0],[0,60.27],[-60.271,0]],"o":[[0,60.27],[-60.271,0],[0,-60.264],[60.264,0]],"v":[[109.123,-0.012],[0,109.122],[-109.123,-0.012],[0,-109.122]],"c":true},"ix":2},"nm":"Path 1","mn":"ADBE Vector Shape - Group","hd":false},{"ty":"fl","c":{"a":0,"k":[0.023999999551,0.152999997606,0.275,1],"ix":4},"o":{"a":0,"k":100,"ix":5},"r":1,"bm":0,"nm":"Fill 1","mn":"ADBE Vector Graphic - Fill","hd":false},{"ty":"tr","p":{"a":0,"k":[663.709,569.546],"ix":2},"a":{"a":0,"k":[0,0],"ix":1},"s":{"a":0,"k":[100,100],"ix":3},"r":{"a":0,"k":0,"ix":6},"o":{"a":0,"k":100,"ix":7},"sk":{"a":0,"k":0,"ix":4},"sa":{"a":0,"k":0,"ix":5},"nm":"Transform"}],"nm":"Group 1","np":2,"cix":2,"bm":0,"ix":1,"mn":"ADBE Vector Group","hd":false}],"ip":10,"op":610,"st":10,"bm":0},{"ddd":0,"ind":11,"ty":4,"nm":"Layer 10 Outlines","parent":2,"sr":1,"ks":{"o":{"a":0,"k":100,"ix":11},"r":{"a":0,"k":0,"ix":10},"p":{"a":0,"k":[-103.634,119.546,0],"ix":2},"a":{"a":0,"k":[346.366,569.546,0],"ix":1},"s":{"a":1,"k":[{"i":{"x":[0.323,0.323,0.667],"y":[1,1,1]},"o":{"x":[0.684,0.702,0.333],"y":[0,0,0]},"t":20,"s":[0,0,100]},{"i":{"x":[0.317,0.32,0.667],"y":[1,1,1]},"o":{"x":[0.65,0.65,0.333],"y":[0,0,0]},"t":60,"s":[103,103,100]},{"t":80,"s":[100,100,100]}],"ix":6}},"ao":0,"shapes":[{"ty":"gr","it":[{"ind":0,"ty":"sh","ix":1,"ks":{"a":0,"k":{"i":[[0,-60.264],[60.265,0],[0,60.27],[-60.264,0]],"o":[[0,60.27],[-60.264,0],[0,-60.264],[60.265,0]],"v":[[109.125,-0.012],[0.002,109.122],[-109.126,-0.012],[0.002,-109.122]],"c":true},"ix":2},"nm":"Path 1","mn":"ADBE Vector Shape - Group","hd":false},{"ty":"fl","c":{"a":0,"k":[0.023999999551,0.152999997606,0.275,1],"ix":4},"o":{"a":0,"k":100,"ix":5},"r":1,"bm":0,"nm":"Fill 1","mn":"ADBE Vector Graphic - Fill","hd":false},{"ty":"tr","p":{"a":0,"k":[346.366,569.546],"ix":2},"a":{"a":0,"k":[0,0],"ix":1},"s":{"a":0,"k":[100,100],"ix":3},"r":{"a":0,"k":0,"ix":6},"o":{"a":0,"k":100,"ix":7},"sk":{"a":0,"k":0,"ix":4},"sa":{"a":0,"k":0,"ix":5},"nm":"Transform"}],"nm":"Group 1","np":2,"cix":2,"bm":0,"ix":1,"mn":"ADBE Vector Group","hd":false}],"ip":10,"op":610,"st":10,"bm":0},{"ddd":0,"ind":12,"ty":4,"nm":"Layer 11 Outlines","parent":2,"sr":1,"ks":{"o":{"a":0,"k":100,"ix":11},"r":{"a":0,"k":0,"ix":10},"p":{"a":0,"k":[50.226,156.117,0],"ix":2},"a":{"a":0,"k":[500.226,606.117,0],"ix":1},"s":{"a":1,"k":[{"i":{"x":[0.323,0.323,0.667],"y":[1,1,1]},"o":{"x":[0.684,0.702,0.333],"y":[0,0,0]},"t":0,"s":[0,0,100]},{"i":{"x":[0.317,0.32,0.667],"y":[1,1,1]},"o":{"x":[0.65,0.65,0.333],"y":[0,0,0]},"t":40,"s":[103,103,100]},{"t":60,"s":[100,100,100]}],"ix":6}},"ao":0,"shapes":[{"ty":"gr","it":[{"ind":0,"ty":"sh","ix":1,"ks":{"a":0,"k":{"i":[[-80.078,-6.37],[-82.127,-34.087],[106.874,0],[48.525,-83.907]],"o":[[79.977,-6.357],[-48.549,-83.83],[-106.927,0],[82.238,-33.976]],"v":[[0.173,-45.756],[248.507,70.2],[0.032,-70.346],[-248.507,70.346]],"c":true},"ix":2},"nm":"Path 1","mn":"ADBE Vector Shape - Group","hd":false},{"ty":"fl","c":{"a":0,"k":[0,0.325,0.647000002394,1],"ix":4},"o":{"a":0,"k":100,"ix":5},"r":1,"bm":0,"nm":"Fill 1","mn":"ADBE Vector Graphic - Fill","hd":false},{"ty":"tr","p":{"a":0,"k":[500.051,740.988],"ix":2},"a":{"a":0,"k":[0,0],"ix":1},"s":{"a":0,"k":[100,100],"ix":3},"r":{"a":0,"k":0,"ix":6},"o":{"a":0,"k":100,"ix":7},"sk":{"a":0,"k":0,"ix":4},"sa":{"a":0,"k":0,"ix":5},"nm":"Transform"}],"nm":"Group 1","np":2,"cix":2,"bm":0,"ix":1,"mn":"ADBE Vector Group","hd":false},{"ty":"gr","it":[{"ind":0,"ty":"sh","ix":1,"ks":{"a":0,"k":{"i":[[163.919,0],[14.128,-139.587],[-9.995,1.71],[-92.308,-7.342],[-93.074,-15.913],[-7.623,4.076]],"o":[[-163.86,0],[7.676,4.185],[93.062,-15.913],[92.325,-7.342],[9.878,1.698],[-14.063,-139.638]],"v":[[-0.017,-127.375],[-312.451,121.686],[-285.933,125.666],[0.124,-1.689],[286.198,125.666],[312.451,121.813]],"c":true},"ix":2},"nm":"Path 1","mn":"ADBE Vector Shape - Group","hd":false},{"ty":"fl","c":{"a":0,"k":[0,0.39199999641,0.685999971278,1],"ix":4},"o":{"a":0,"k":100,"ix":5},"r":1,"bm":0,"nm":"Fill 1","mn":"ADBE Vector Graphic - Fill","hd":false},{"ty":"tr","p":{"a":0,"k":[500.1,696.921],"ix":2},"a":{"a":0,"k":[0,0],"ix":1},"s":{"a":0,"k":[100,100],"ix":3},"r":{"a":0,"k":0,"ix":6},"o":{"a":0,"k":100,"ix":7},"sk":{"a":0,"k":0,"ix":4},"sa":{"a":0,"k":0,"ix":5},"nm":"Transform"}],"nm":"Group 2","np":2,"cix":2,"bm":0,"ix":2,"mn":"ADBE Vector Group","hd":false},{"ty":"gr","it":[{"ind":0,"ty":"sh","ix":1,"ks":{"a":0,"k":{"i":[[-26.031,-16.306],[0,0],[-31.295,19.596],[-91.278,-51.154],[25.427,-17.676],[0,0],[28.162,19.603],[97.321,-76.483]],"o":[[31.282,19.596],[0,0],[26.036,-16.306],[-97.314,-76.471],[-28.162,19.603],[0,0],[-25.41,-17.676],[91.284,-51.166]],"v":[[-57.948,39.462],[0.004,56.605],[57.961,39.462],[218.296,17.419],[52.176,24.122],[0.004,41.265],[-52.17,24.122],[-218.296,17.425]],"c":true},"ix":2},"nm":"Path 1","mn":"ADBE Vector Shape - Group","hd":false},{"ty":"fl","c":{"a":0,"k":[0.128999986836,0.647000002394,0.929000016755,1],"ix":4},"o":{"a":0,"k":100,"ix":5},"r":1,"bm":0,"nm":"Fill 1","mn":"ADBE Vector Graphic - Fill","hd":false},{"ty":"tr","p":{"a":0,"k":[500.22,407.834],"ix":2},"a":{"a":0,"k":[0,0],"ix":1},"s":{"a":0,"k":[100,100],"ix":3},"r":{"a":0,"k":0,"ix":6},"o":{"a":0,"k":100,"ix":7},"sk":{"a":0,"k":0,"ix":4},"sa":{"a":0,"k":0,"ix":5},"nm":"Transform"}],"nm":"Group 3","np":2,"cix":2,"bm":0,"ix":3,"mn":"ADBE Vector Group","hd":false},{"ty":"gr","it":[{"ind":0,"ty":"sh","ix":1,"ks":{"a":0,"k":{"i":[[121.231,121.236],[28.173,-19.589],[0,0],[28.162,19.603],[121.236,-121.231],[-93.075,15.926],[-92.308,-7.342],[-93.074,-15.913]],"o":[[-121.225,-121.231],[-28.162,19.603],[0,0],[-28.161,-19.589],[-121.231,121.236],[93.062,-15.913],[92.325,-7.342],[93.063,15.926]],"v":[[251.774,-131.029],[52.17,-154.297],[-0.002,-137.154],[-52.176,-154.297],[-251.779,-131.029],[-286.059,236.334],[-0.002,108.979],[286.072,236.334]],"c":true},"ix":2},"nm":"Path 1","mn":"ADBE Vector Shape - Group","hd":false},{"ty":"fl","c":{"a":0,"k":[0.004000000393,0.552999997606,0.834999952129,1],"ix":4},"o":{"a":0,"k":100,"ix":5},"r":1,"bm":0,"nm":"Fill 1","mn":"ADBE Vector Graphic - Fill","hd":false},{"ty":"tr","p":{"a":0,"k":[500.226,586.253],"ix":2},"a":{"a":0,"k":[0,0],"ix":1},"s":{"a":0,"k":[100,100],"ix":3},"r":{"a":0,"k":0,"ix":6},"o":{"a":0,"k":100,"ix":7},"sk":{"a":0,"k":0,"ix":4},"sa":{"a":0,"k":0,"ix":5},"nm":"Transform"}],"nm":"Group 4","np":2,"cix":2,"bm":0,"ix":4,"mn":"ADBE Vector Group","hd":false}],"ip":0,"op":600,"st":0,"bm":0},{"ddd":0,"ind":13,"ty":4,"nm":"Shape Layer 1","parent":2,"sr":1,"ks":{"o":{"a":0,"k":100,"ix":11},"r":{"a":0,"k":0,"ix":10},"p":{"a":0,"k":[50,50,0],"ix":2},"a":{"a":0,"k":[0,0,0],"ix":1},"s":{"a":0,"k":[100,100,100],"ix":6}},"ao":0,"shapes":[{"ty":"gr","it":[{"ind":0,"ty":"sh","ix":1,"ks":{"a":0,"k":{"i":[[0,0],[0,0],[32,0],[0,0],[1,35],[-26,0],[0,0],[7,62]],"o":[[0,0],[0,0],[-32,0],[0,0],[-1,-10],[26,0],[0,0],[-7,-62]],"v":[[15,-1],[15,-145],[-22,-179],[-179,-179],[-213,-214],[-180,-249],[35,-249],[63,-312]],"c":false},"ix":2},"nm":"Path 1","mn":"ADBE Vector Shape - Group","hd":false},{"ty":"st","c":{"a":0,"k":[0.917647058824,0.129411764706,0.129411764706,1],"ix":3},"o":{"a":0,"k":100,"ix":4},"w":{"a":0,"k":25,"ix":5},"lc":2,"lj":1,"ml":4,"bm":0,"nm":"Stroke 1","mn":"ADBE Vector Graphic - Stroke","hd":false},{"ty":"tr","p":{"a":0,"k":[0,0],"ix":2},"a":{"a":0,"k":[0,0],"ix":1},"s":{"a":0,"k":[100,100],"ix":3},"r":{"a":0,"k":0,"ix":6},"o":{"a":0,"k":100,"ix":7},"sk":{"a":0,"k":0,"ix":4},"sa":{"a":0,"k":0,"ix":5},"nm":"Transform"}],"nm":"Shape 1","np":3,"cix":2,"bm":0,"ix":1,"mn":"ADBE Vector Group","hd":false},{"ty":"tm","s":{"a":0,"k":0,"ix":1},"e":{"a":1,"k":[{"i":{"x":[0.362],"y":[1]},"o":{"x":[0.663],"y":[0]},"t":30,"s":[0]},{"t":80,"s":[100]}],"ix":2},"o":{"a":0,"k":0,"ix":3},"m":1,"ix":2,"nm":"Trim Paths 1","mn":"ADBE Vector Filter - Trim","hd":false}],"ip":30,"op":630,"st":30,"bm":0}],"markers":[]}